{"cameraMode":{"drawMode":0,"name":"Shaded","section":"Shading Mode"},"sceneLighting":true,"audioPlay":false,"sceneViewState":{"showFog":true,"showMaterialUpdate":false,"showSkybox":true,"showFlares":true,"showImageEffects":true,"showParticleSystems":true,"showVisualEffectGraphs":true,"m_FxEnabled":true},"in2DMode":false,"pivot":{"x":-0.20753049850463868,"y":-1.9372913837432862,"z":16.399023056030275},"rotation":{"x":0.04952176660299301,"y":-0.07637771964073181,"z":0.006588043179363012,"w":0.9976673722267151},"size":16.024677276611329,"orthographic":false}